Link Name,Center of Mass X,Center of Mass Y,Center of Mass Z,Center of Mass Roll,Center of Mass Pitch,Center of Mass Yaw,Mass,Moment Ixx,Moment Ixy,Moment Ixz,Moment Iyy,Moment Iyz,Moment Izz,Visual X,Visual Y,Visual Z,Visual Roll,Visual Pitch,Visual Yaw,Mesh Filename,Color Red,Color Green,Color Blue,Color Alpha,Collision X,Collision Y,Collision Z,Collision Roll,Collision Pitch,Collision Yaw,Collision Mesh Filename,Material Name,SW Components,Coordinate System,Axis Name,Joint Name,Joint Type,Joint Origin X,Joint Origin Y,Joint Origin Z,Joint Origin Roll,Joint Origin Pitch,Joint Origin Yaw,Parent,Joint Axis X,Joint Axis Y,Joint Axis Z,Limit Effort,Limit Velocity,Limit Lower,Limit Upper,Calibration rising,Calibration falling,Dynamics Damping,Dynamics Friction,Safety Soft Upper,Safety Soft Lower,Safety K Position,Safety K Velocity
TORSO,-0.0020565,-4.5533E-05,-0.17362,0,0,0,19.704,0.19754,-1.0361E-08,-0.00058652,0.13751,-2.1871E-05,0.077326,0,0,0,0,0,0,package://RX-JUNE2/meshes/TORSO.STL,0.49804,0.49804,0.49804,1,0,0,0,0,0,0,package://RX-JUNE2/meshes/TORSO.STL,,TORSO-1/RX-01-02-01 电池托架 -1;TORSO-1/右臂-肩部固定法兰盘-1;TORSO-1/B型号关节V1.2-stp格式-3;TORSO-1/B型号关节V1.2-stp格式-2;TORSO-1/左臂-肩部固定法兰盘-2;TORSO-1/RX-01-01-21 编码器盖-1;TORSO-1/内六角圆柱头螺钉 M5×10-1;TORSO-1/电机定子 85-1;TORSO-1/内六角圆柱头螺钉 M3×8-7;TORSO-1/WK5003 85电机壳-1;TORSO-1/KCD-BC01B-1617-U01X-JAQ-1;TORSO-1/交叉滚子轴承-CRBS608-1;TORSO-1/WK5026 85行星架-1;TORSO-1/WK4B14 腰减速壳-1;TORSO-1/RX-01-03-03 电池壳-1;TORSO-1/RX-01-03-07 颈部软胶-1;TORSO-1/RX-01-03-06 颈部支架-1;TORSO-1/RX-01-03-05 肩后壳-1;TORSO-1/RX-01-03-04 肩前壳-1;TORSO-1/RX-01-03-02 后壳-1;TORSO-1/RX-01-03-01 前壳-1;TORSO-1/RX-01-01-13 腰部限位-2;TORSO-1/RX-01-01-13 腰部限位-1;TORSO-1/GB／T70．1-2000内六角圆柱头螺钉M3×6-8;TORSO-1/GB／T70．1-2000内六角圆柱头螺钉M3×6-7;TORSO-1/GB／T70．1-2000内六角圆柱头螺钉M3×6-6;TORSO-1/GB／T70．1-2000内六角圆柱头螺钉M3×6-5;TORSO-1/GB／T70．1-2000内六角圆柱头螺钉M3×6-4;TORSO-1/GB／T70．1-2000内六角圆柱头螺钉M3×6-3;TORSO-1/GB／T70．1-2000内六角圆柱头螺钉M3×6-2;TORSO-1/GB／T70．1-2000内六角圆柱头螺钉M3×6-1;TORSO-1/GB／T70．1-2000内六角圆柱头螺钉M2×6-4;TORSO-1/GB／T70．1-2000内六角圆柱头螺钉M2×6-3;TORSO-1/GB／T70．1-2000内六角圆柱头螺钉M2×6-2;TORSO-1/GB／T70．1-2000内六角圆柱头螺钉M2×6-1;TORSO-1/Debug_Interface_V1.0_20240410_2051.step-1;TORSO-1/USB插头-2;TORSO-1/HDMI插头-2;TORSO-1/大开关v1-1;TORSO-1/D19急停开关X-1;TORSO-1/RX-01-01-12 面板支架-1;TORSO-1/USB插头-1;TORSO-1/HDMI插头-1;TORSO-1/RX-01-01-11 相机支架2-1;TORSO-1/IMU采集模块_第一版.step-1;TORSO-1/小陀螺仪-2;TORSO-1/RX-01-01-14 颈部限位块-2;TORSO-1/RX-01-01-14 颈部限位块-1;TORSO-1/RX-01-01-10 相机支架1-1;TORSO-1/铜柱3X20-6;TORSO-1/铜柱3X20-4;TORSO-1/铜柱3X20-2;TORSO-1/铜柱3X20-1;TORSO-1/T型尼龙垫TW-3-30;TORSO-1/T型尼龙垫TW-3-29;TORSO-1/T型尼龙垫TW-3-28;TORSO-1/T型尼龙垫TW-3-27;TORSO-1/T型尼龙垫TW-3-25;TORSO-1/T型尼龙垫TW-3-24;TORSO-1/T型尼龙垫TW-3-23;TORSO-1/T型尼龙垫TW-3-22;TORSO-1/T型尼龙垫TW-3-21;TORSO-1/T型尼龙垫TW-3-19;TORSO-1/T型尼龙垫TW-3-16;TORSO-1/T型尼龙垫TW-3-14;TORSO-1/T型尼龙垫TW-3-11;TORSO-1/T型尼龙垫TW-3-10;TORSO-1/T型尼龙垫TW-3-9;TORSO-1/T型尼龙垫TW-3-1;TORSO-1/RX-01-01-05 颈部支架-1;TORSO-1/运动控制器PICOv1-1-1;TORSO-1/D1型号关节V1-1-1;TORSO-1/内六角圆柱头螺钉M3×10-2;TORSO-1/内六角圆柱头螺钉M3×10-1;TORSO-1/管卡18.5-4;TORSO-1/RX-01-01-04 固线块-1;TORSO-1/管卡18.5-1;TORSO-1/RX-01-01-03 后壳-2;TORSO-1/RX-01-01-01 前壳-2;TORSO-1/RX-01-01-02 中框-1;TORSO-1/NVIDIA JETSON AGX ORIN-11-1;TORSO-1/D435-2;TORSO-1/D435-1;TORSO-1/GB／T70．2-2000内六角平圆头螺钉M3×10-6;TORSO-1/GB／T70．2-2000内六角平圆头螺钉M3×10-4;TORSO-1/GB／T70．2-2000内六角平圆头螺钉M3×10-2;TORSO-1/GB／T70．2-2000内六角平圆头螺钉M3×10-1;TORSO-1/RX-01-02-02 电池卡轴-2;TORSO-1/内六角圆柱头螺钉 M3×8-2;TORSO-1/内六角圆柱头螺钉 M3×8-1;TORSO-1/RX-01-02-02 电池卡轴-1;TORSO-1/内六角圆柱头螺钉 M3×8-6;TORSO-1/内六角圆柱头螺钉 M3×8-5;TORSO-1/内六角圆柱头螺钉 M3×8-4;TORSO-1/内六角圆柱头螺钉 M3×8-3;TORSO-1/RX-01-02-05 电池底托-1;TORSO-1/RX-01-02-04 电池底盖 -1;TORSO-1/RX-01 电池包-1;TORSO-1/JYL3-电池灯板-1;TORSO-1/1CA5-B03D- 电池拉手-1;TORSO-1/JYL3-电池开关按键-1;TORSO-1/1CA5-B04B-电池轴扣-2;TORSO-1/1CA5-B04B-电池轴扣-1;TORSO-1/JYL3_BATF-1;TORSO-1/JYL3_BATM-1;TORSO-1/RX-01-02-03 电池上盖-1,Base,,,,0,0,0,0,0,0,,0,0,0,,,,,,,,,,,,
SCAPULA_R,0.00400566910493358,-0.0697846247959809,-0.000414011813224091,0,0,0,1.26951093509678,0.00112371971521831,3.74870820744842E-05,-2.33284114280714E-06,0.000718251856700767,7.18016268839421E-06,0.000737853042650039,0,0,0,0,0,0,package://RX-JUNE2/meshes/SCAPULA_R.STL,0.698039215686274,0.698039215686274,0.698039215686274,1,0,0,0,0,0,0,package://RX-JUNE2/meshes/SCAPULA_R.STL,,RA-1-1/B型号关节-机械臂微改版-stp-1;RA-1-1/右臂-肩俯仰结构件-1,RArm Frame1,RArm Axis1,Shoulder_Y_R,revolute,-0.0013872,-0.15869,-0.046603,-0.34907,0,0,TORSO,0,1,0,54.67,4.58,-3.14,1.22,,,,,,,,
SHOULDER_R,-0.000187387954732679,-0.000796213076175029,-0.0823834087759314,0,0,0,1.38176034538629,0.000907831618421101,1.33794999164044E-06,-0.00012793866706995,0.000897313398938839,-2.2869794865568E-05,0.00105001905390706,0,0,0,0,0,0,package://RX-JUNE2/meshes/SHOULDER_R.STL,0.698039215686274,0.698039215686274,0.698039215686274,1,0,0,0,0,0,0,package://RX-JUNE2/meshes/SHOULDER_R.STL,,RA-2-1/B型号关节V1.2-stp格式-1;RA-2-1/右臂-肩滚动结构件-盖板-1;RA-2-1/右臂-肩滚动结构件-主体-1;RA-2-1/右臂-肩滚动结构件-随动件-1;RA-2-1/大臂旋转环-1,RArm Frame2,RArm Axis2,Shoulder_X_R,revolute,0,-0.075202,0,0.34907,0,0,SCAPULA_R,1,0,0,54.67,4.58,-2.26,0,,,,,,,,
UPPERARM_R,-0.000150427974589584,-0.0013837454771512,-0.119529310769545,0,0,0,1.15167917389116,0.000782086826392558,-1.0982542308393E-06,2.26333063594384E-06,0.000984131577588171,7.04732391704632E-06,0.000773763892049867,0,0,0,0,0,0,package://RX-JUNE2/meshes/UPPERARM_R.STL,0.898039215686275,0.917647058823529,0.929411764705882,1,0,0,0,0,0,0,package://RX-JUNE2/meshes/UPPERARM_R.STL,,RA-3-1/大臂上结构件-1;RA-3-1/上臂外观包覆套-1;RA-3-1/M2.5-14铜螺柱-4;RA-3-1/M2.5-14铜螺柱-3;RA-3-1/M2.5-14铜螺柱-2;RA-3-1/M2.5-14铜螺柱-1;RA-3-1/SaFT LS14250-1;RA-3-1/Drive_interface_4_V1.0(1)-1;RA-3-1/肘关节线缆压片-1;RA-3-1/肘关节轴承支承盘-1;RA-3-1/E型号关节V1.0-手臂-1;RA-3-1/右臂-大臂下结构件-1,RArm Frame3,RArm Axis3,Shoulder_Z_R,revolute,-1E-05,0,-0.0845,0,0,0,SHOULDER_R,0,0,1,54.67,4.58,-2.09,2.09,,,,,,,,
FOREARM_R,-0.000517598306802938,0.000475828274850459,-0.0750122217350255,0,0,0,0.964265226005386,0.000488443251396073,6.39889499381973E-06,-1.25496213033476E-06,0.000446628922602063,6.28244649644682E-05,0.000598347265795892,0,0,0,0,0,0,package://RX-JUNE2/meshes/FOREARM_R.STL,0.898039215686275,0.917647058823529,0.929411764705882,1,0,0,0,0,0,0,package://RX-JUNE2/meshes/FOREARM_R.STL,,RA-4-1/右臂-肘俯仰结构件-主体-1;RA-4-1/C型号关节V1.1-1;RA-4-1/C-SE676ZZ.stp-1;RA-4-1/右臂-肘俯仰结构件-随动-1;RA-4-1/右臂-肘俯仰结构件-盖板-1,RArm Frame4,RArm Axis4,Elbow_R,revolute,0,0,-0.1455,0,0,0,UPPERARM_R,0,1,0,33,7.17,-1.57,0,,,,,,,,
WRIST_REVOLUTE_R,0.000431441811552552,-0.000950548685657721,-0.105249650721468,0,0,0,0.807080212201238,0.00075343206197932,-1.31597600320529E-06,-1.52434071635432E-06,0.000794967345688235,-2.53133377865335E-05,0.000629235876897001,0,0,0,0,0,0,package://RX-JUNE2/meshes/WRIST_REVOLUTE_R.STL,0.898039215686275,0.917647058823529,0.929411764705882,1,0,0,0,0,0,0,package://RX-JUNE2/meshes/WRIST_REVOLUTE_R.STL,,RA-5-1/小臂上结构件-1;RA-5-1/C-SE676ZZ.stp-1;RA-5-1/B6700.stp-1;RA-5-1/右臂-小臂包覆外观-1;RA-5-1/GB／T70．1-2000内六角圆柱头螺钉M2×4-8;RA-5-1/M2-5铜螺柱-4;RA-5-1/SaFT LS14250-1;RA-5-1/GB／T70．1-2000内六角圆柱头螺钉M2×4-7;RA-5-1/GB／T70．1-2000内六角圆柱头螺钉M2×4-6;RA-5-1/GB／T70．1-2000内六角圆柱头螺钉M2×4-5;RA-5-1/GB／T70．1-2000内六角圆柱头螺钉M2×4-4;RA-5-1/GB／T70．1-2000内六角圆柱头螺钉M2×4-3;RA-5-1/GB／T70．1-2000内六角圆柱头螺钉M2×4-2;RA-5-1/GB／T70．1-2000内六角圆柱头螺钉M2×4-1;RA-5-1/M2-5铜螺柱-3;RA-5-1/M2-5铜螺柱-2;RA-5-1/M2-5铜螺柱-1;RA-5-1/M2-4铜螺柱-4;RA-5-1/M2-4铜螺柱-3;RA-5-1/M2-4铜螺柱-2;RA-5-1/M2-4铜螺柱-1;RA-5-1/Drive_Interface_3_V1.0(3).step-1;RA-5-1/Drive_module_4_V1.0.step-1;RA-5-1/Ethercat_Converter_V1.1.step-1;RA-5-1/右臂-腕俯仰结构件-连杆盖板-1;RA-5-1/腕俯仰连杆组合体-1;RA-5-1/腕俯仰结构件-盖板-1;RA-5-1/右臂-连杆传动盘-1;RA-5-1/右臂-腕俯仰结构件-随动-1;RA-5-1/D1型号关节V1.1-微改版-1;RA-5-1/右臂-腕俯仰结构件-主体-1,RArm Frame5,RArm Axis5,Wrist_Z_R,revolute,0,0,-0.068424,0,0,0,FOREARM_R,0,0,1,15,4.58,-2.96,2.96,,,,,,,,
WRIST_UPDOWN_R,0.0012106037788502,-0.000409146062765847,-2.30692765414986E-05,0,0,0,0.300585798923164,7.19512926025205E-05,-1.5038820487215E-07,-3.31399908676816E-08,4.18864352400047E-05,1.61671879913588E-07,4.61837999641859E-05,0,0,0,0,0,0,package://RX-JUNE2/meshes/WRIST_UPDOWN_R.STL,0.811764705882353,1,0.980392156862745,1,0,0,0,0,0,0,package://RX-JUNE2/meshes/WRIST_UPDOWN_R.STL,,RA-6-1/腕关节俯仰随动盘-1;RA-6-1/腕关节轴承支承盘-1;RA-6-1/右臂-腕滚动关节安装支架-1;RA-6-1/D1型号关节V1.1-微改版-1,RArm Frame6,RArm Axis6,Wrist_Y_R,revolute,0,0,-0.20158,0,0,0,WRIST_REVOLUTE_R,0,1,0,7,3.62,-0.87,0.87,,,,,,,,
HAND_R,0.00704233256805226,-0.000160093721480153,-0.12352503949791,0,0,0,0.664607012887281,0.000207221990681713,-1.41468504761944E-06,9.32067541347773E-06,0.000321646726855516,-1.39063938994495E-06,0.000178293116491457,0,0,0,0,0,0,package://RX-JUNE2/meshes/HAND_R.STL,0.898039215686275,0.917647058823529,0.929411764705882,1,0,0,0,0,0,0,package://RX-JUNE2/meshes/HAND_R.STL,,RA-7-1/右臂-腕滚动结构件-主体-1;RA-7-1/右臂-腕滚动结构件-随动-1;RA-7-1/Force Sensor0412-1;RA-7-1/传感器转接件-1;RA-7-1/C-SE676ZZ.stp-1;RA-7-1/力传感器端子5011893010-1;RA-7-1/六维力数据采集板-1;RA-7-1/腕滚动结构件-盖板-1;灵巧手 右手-2,RArm Frame7,RArm Axis7,Wrist_X_R,revolute,0,0,0,0,0,0,WRIST_UPDOWN_R,1,0,0,7,3.62,-0.87,1.57,,,,,,,,
SCAPULA_L,0.00400263772227397,0.0697880160520229,0.000251205468202231,0,0,0,1.26939754547978,0.00112369796667095,-3.75018695498686E-05,-1.6783465027888E-06,0.000718088850587134,-1.13508606956694E-06,0.000737656818677833,0,0,0,0,0,0,package://RX-JUNE2/meshes/SCAPULA_L.STL,0.698039215686274,0.698039215686274,0.698039215686274,1,0,0,0,0,0,0,package://RX-JUNE2/meshes/SCAPULA_L.STL,,LA-1-1/B型号关节-机械臂微改版-stp-1;LA-1-1/左臂-肩俯仰结构件-1,LArm Frame1,LArm Axis1,Shoulder_Y_L,revolute,-0.0013872,0.15869,-0.046603,0.34907,0,0,TORSO,0,1,0,54.67,4.58,-1.22,3.14,,,,,,,,
SHOULDER_L,-0.000181357466442447,0.000167995164752133,-0.082367684836536,0,0,0,1.38240689883825,0.000907897029312232,4.63464970712932E-06,-0.000127975459360198,0.000897512609693668,2.2061814766511E-05,0.00105011491370679,0,0,0,0,0,0,package://RX-JUNE2/meshes/SHOULDER_L.STL,0.898039215686275,0.917647058823529,0.929411764705882,1,0,0,0,0,0,0,package://RX-JUNE2/meshes/SHOULDER_L.STL,,LA-2-1/左臂-肩滚动结构件-随动件-1;LA-2-1/B型号关节V1.2-stp格式-1;LA-2-1/左臂-肩滚动结构件-主体-1;LA-2-1/左臂-肩滚动结构件-盖板-1;LA-2-1/线缆压块-1;LA-2-1/大臂旋转环-1,LArm Frame2,LArm Axis2,Shoulder_X_L,revolute,0,0.075202,0,-0.34907,0,0,SCAPULA_L,1,0,0,54.67,4.58,0,2.26,,,,,,,,
UPPERARM_L,7.48440000580969E-05,0.000973181848945098,-0.119564156853037,0,0,0,1.15205466163188,0.000781962619656341,-9.11957108031183E-07,-1.73094434321531E-06,0.000983885738872961,-7.90614947522502E-06,0.000773620767462948,0,0,0,0,0,0,package://RX-JUNE2/meshes/UPPERARM_L.STL,0.898039215686275,0.917647058823529,0.929411764705882,1,0,0,0,0,0,0,package://RX-JUNE2/meshes/UPPERARM_L.STL,,LA-3-1/左臂-大臂下结构件-1;LA-3-1/大臂上结构件-1;LA-3-1/M2.5-14铜螺柱-4;LA-3-1/M2.5-14铜螺柱-3;LA-3-1/M2.5-14铜螺柱-2;LA-3-1/M2.5-14铜螺柱-1;LA-3-1/上臂外观包覆套-1;LA-3-1/C-SE676ZZ.stp-1;LA-3-1/肘关节轴承支承盘-1;LA-3-1/E型号关节V1.0-手臂-1;LA-3-1/SaFT LS14250-1;LA-3-1/Drive_interface_4_V1.0(1)-1,LArm Frame3,LArm Axis3,Shoulder_Z_L,revolute,0,0,-0.0845,0,0,0,SHOULDER_L,0,0,1,54.67,4.58,-2.09,2.09,,,,,,,,
FOREARM_L,-0.00053880141083168,0.000598633712610014,-0.0750633848858426,0,0,0,0.962923504066897,0.000487547441857706,5.25652931481334E-07,-1.42498808842309E-06,0.000445933262220285,-6.19580181778229E-05,0.000596900734123166,0,0,0,0,0,0,package://RX-JUNE2/meshes/FOREARM_L.STL,0.898039215686275,0.917647058823529,0.929411764705882,1,0,0,0,0,0,0,package://RX-JUNE2/meshes/FOREARM_L.STL,,LA-4-1/左臂-肘俯仰结构件-随动-1;LA-4-1/C型号关节V1.1-1;LA-4-1/肘关节线缆压片-1;LA-4-1/左臂-肘俯仰结构件-盖板-1;LA-4-1/左臂-肘俯仰结构件-主体-1,LArm Frame4,LArm Axis4,Elbow_L,revolute,0,0,-0.1455,0,0,0,UPPERARM_L,0,1,0,33,7.17,-1.57,0,,,,,,,,
WRIST_REVOLUTE_L,0.000421442405164577,0.000436043607219078,-0.106091587175541,0,0,0,0.816182731607584,0.000755862891225662,-8.78296576389677E-07,-1.58827367089408E-06,0.000796485170899301,3.1897646062591E-05,0.000631282240343191,0,0,0,0,0,0,package://RX-JUNE2/meshes/WRIST_REVOLUTE_L.STL,0.898039215686275,0.917647058823529,0.929411764705882,1,0,0,0,0,0,0,package://RX-JUNE2/meshes/WRIST_REVOLUTE_L.STL,,LA-5-1/左臂-腕俯仰结构件-主体-1;LA-5-1/GB／T70．1-2000内六角圆柱头螺钉M2×4-8;LA-5-1/M2-5铜螺柱-4;LA-5-1/SaFT LS14250-1;LA-5-1/GB／T70．1-2000内六角圆柱头螺钉M2×4-7;LA-5-1/GB／T70．1-2000内六角圆柱头螺钉M2×4-6;LA-5-1/GB／T70．1-2000内六角圆柱头螺钉M2×4-5;LA-5-1/GB／T70．1-2000内六角圆柱头螺钉M2×4-4;LA-5-1/GB／T70．1-2000内六角圆柱头螺钉M2×4-3;LA-5-1/GB／T70．1-2000内六角圆柱头螺钉M2×4-2;LA-5-1/GB／T70．1-2000内六角圆柱头螺钉M2×4-1;LA-5-1/M2-5铜螺柱-3;LA-5-1/M2-5铜螺柱-2;LA-5-1/M2-5铜螺柱-1;LA-5-1/M2-4铜螺柱-4;LA-5-1/M2-4铜螺柱-3;LA-5-1/M2-4铜螺柱-2;LA-5-1/M2-4铜螺柱-1;LA-5-1/Drive_Interface_3_V1.0(3).step-1;LA-5-1/Drive_module_4_V1.0.step-1;LA-5-1/Ethercat_Converter_V1.1.step-1;LA-5-1/B6700.stp-1;LA-5-1/小臂上结构件-1;LA-5-1/腕俯仰连杆组合体-1;LA-5-1/左臂-连杆传动盘-1;LA-5-1/小臂磁吸座-3;LA-5-1/小臂磁吸座-2;LA-5-1/小臂磁吸座-1;LA-5-1/左臂-腕俯仰结构件-连杆盖板-1;LA-5-1/腕俯仰结构件-盖板-1;LA-5-1/左臂-小臂包覆外观-1;LA-5-1/C-SE676ZZ.stp-1;LA-5-1/左臂-腕俯仰结构件-随动-1;LA-5-1/D1型号关节V1.1-微改版-1,LArm Frame5,LArm Axis5,Wrist_Z_L,revolute,0,0,-0.068424,0,0,0,FOREARM_L,0,0,1,15,4.58,-2.96,2.96,,,,,,,,
WRIST_UPDOWN_L,0.00121060807931878,0.000367632697248155,1.31575604482848E-05,0,0,0,0.300586616809931,7.19516793467273E-05,8.07499162509748E-08,3.86112841277518E-08,4.1882900811556E-05,-1.57821190035867E-07,4.61879504954561E-05,0,0,0,0,0,0,package://RX-JUNE2/meshes/WRIST_UPDOWN_L.STL,0.898039215686275,0.917647058823529,0.929411764705882,1,0,0,0,0,0,0,package://RX-JUNE2/meshes/WRIST_UPDOWN_L.STL,,LA-6-1/左臂-腕滚动关节安装支架-1;LA-6-1/腕关节俯仰随动盘-2;LA-6-1/腕关节轴承支承盘-1;LA-6-1/D1型号关节V1.1-微改版-1,LArm Frame6,LArm Axis6,Wrist_Y_L,revolute,0,0,-0.20158,0,0,0,WRIST_REVOLUTE_L,0,1,0,7,3.62,-0.87,0.87,,,,,,,,
HAND_L,0.00682932481897296,-0.000266254554519479,-0.123477452810365,0,0,0,0.664797816773533,0.000207529094977426,1.2241126764058E-06,8.8857773375714E-06,0.000321443042978604,9.39572738260943E-07,0.000178580782503397,0,0,0,0,0,0,package://RX-JUNE2/meshes/HAND_L.STL,0.898039215686275,0.917647058823529,0.929411764705882,1,0,0,0,0,0,0,package://RX-JUNE2/meshes/HAND_L.STL,,LA-7-1/左臂-腕滚动结构件-主体-1;LA-7-1/C-SE676ZZ.stp-1;LA-7-1/六维力数据采集板-1;LA-7-1/力传感器端子5011893010-1;LA-7-1/Force Sensor-1;LA-7-1/传感器转接件-1;LA-7-1/左臂-腕滚动结构件-随动-1;LA-7-1/腕滚动结构件-盖板-1;灵巧手 左手-2,LArm Frame7,LArm Axis7,Wrist_X_L,revolute,0,0,0,0,0,0,WRIST_UPDOWN_L,1,0,0,7,3.62,-1.57,0.87,,,,,,,,
SACRUM,0.000349547087776611,6.72203982574754E-06,-0.0507127555650615,0,0,0,3.02215535624108,0.00340767983885225,-1.27830103308363E-06,-1.05567081952467E-05,0.00282588529641363,-1.59904398589593E-07,0.00566851850043166,0,0,0,0,0,0,package://RX-JUNE2/meshes/SACRUM.STL,0.498039215686275,0.498039215686275,0.498039215686275,1,0,0,0,0,0,0,package://RX-JUNE2/meshes/SACRUM.STL,,SACRUM-1/WK4097 编码器扣-1;SACRUM-1/小陀螺仪-1;SACRUM-1/WK4B10 髋限位缓冲垫-3;SACRUM-1/交叉滚子轴承-CRBS608-2;SACRUM-1/WK5026 85行星架-2;SACRUM-1/电机定子 85-2;SACRUM-1/WK5022 双髋减速壳-1;SACRUM-1/WK4B13 腰支撑-1;SACRUM-1/交叉滚子轴承-CRBS608-1;SACRUM-1/WK5026 85行星架-1;SACRUM-1/KCD-BC01B-1617-U01X-JAQ-2;SACRUM-1/内六角圆柱头螺钉 M5×10-1;SACRUM-1/WK5023 双85定子壳-1;SACRUM-1/电机定子 85-1;SACRUM-1/内六角圆柱头螺钉 M3×8-3;SACRUM-1/WK4B10 髋限位缓冲垫-2;SACRUM-1/KCD-BC01B-1617-U01X-JAQ-1;SACRUM-1/内六角圆柱头螺钉 M3×8-2;SACRUM-1/内六角圆柱头螺钉 M3×8-1;SACRUM-1/WK4094 管卡18.5-1;SACRUM-1/WK4097 编码器扣-2;SACRUM-1/WK5034 管卡10-4-1;SACRUM-1/WK4B10 髋限位缓冲垫-1,Waist Frame,"Waist ",A_Waist,revolute,-0.0013872,0,-0.41214,0,0,0,TORSO,0,0,1,31.2,7.85,-0.785,0.785,,,,,,,,
ILIUM_R,-0.0975642590819654,-0.0354786240384467,0.00831189475838978,0,0,0,2.81278353129309,0.00550467780611184,-0.000142658793500879,-0.000705684934766937,0.00581367757343752,-0.000175167045416384,0.0052075569106474,0,0,0,0,0,0,package://RX-JUNE2/meshes/ILIUM_R.STL,0.43921568627451,0.43921568627451,0.43921568627451,1,0,0,0,0,0,0,package://RX-JUNE2/meshes/ILIUM_R.STL,,RL-1-1/WK5007 右髋支持架-1;RL-1-1/WK4078A 髋关节轴-1;RL-1-1/WK4B07 髋轴承盖-1;RL-1-1/WK4019 编码器盖-1;RL-1-1/KCD-BC01B-1617-U01X-JAQ-1;RL-1-1/105电机定子-1;RL-1-1/交叉滚子轴承-CRBS608-1;RL-1-1/WK4B01 髋行星架-1;RL-1-1/WK4B03 髋电机壳-1,RLeg Frame1,RLeg Axis1,Hip_Z_R,revolute,0,-0.051,-0.1698,0,0,0,SACRUM,0,0,1,72,9.37,-0.209,0.209,,,,,,,,
ISCHIUM_R,-0.00365073330205207,0.0186699920885547,-0.00020850293107344,0,0,0,2.53761330127982,0.00255694883356357,-1.38944714584652E-05,-1.33015717417854E-06,0.00462468512424316,-6.946221674225E-07,0.00261171487022401,0,0,0,0,0,0,package://RX-JUNE2/meshes/ISCHIUM_R.STL,0.792156862745098,0.819607843137255,0.933333333333333,1,0,0,0,0,0,0,package://RX-JUNE2/meshes/ISCHIUM_R.STL,,RL-2-1/WK5005 右侧摆连接架-1;RL-2-1/WK4B10 髋限位缓冲垫-1;RL-2-1/WK4B07 髋轴承盖-1;RL-2-1/105电机定子-1;RL-2-1/交叉滚子轴承-CRBS608-1;RL-2-1/WK4B01 髋行星架-1;RL-2-1/六角圆柱头螺钉 M2.5×8-1;RL-2-1/MPBZU15-15-1;RL-2-1/WK4019 编码器盖-1;RL-2-1/WK4B03 髋电机壳-1;RL-2-1/KCD-BC01B-1617-U01X-JAQ-1;RL-2-1/WK4B02 髋减速机壳-1,RLeg Frame2,RLeg Axis2,Hip_X_R,revolute,0,-0.0375,0,0,0,0,ILIUM_R,1,0,0,72,8.37,-0.436,0.436,,,,,,,,
THIGH_R,0.004891612004919,-0.0230654581131054,-0.0408628057143543,0,0,0,2.94365654752782,0.0145430481784498,-1.67854549113034E-05,0.000479236724626637,0.0167205030021576,0.000275202567597152,0.00287217275852728,0,0,0,0,0,0,package://RX-JUNE2/meshes/THIGH_R.STL,1,1,1,1,0,0,0,0,0,0,package://RX-JUNE2/meshes/THIGH_R.STL,,RL-3-1/WK4B18 右大腿减速壳-1;RL-3-1/WK4088 大轴承端盖-1;RL-3-1/WK4B40 膝护盖-1;RL-3-1/WK4B22 大腿拉杆-1;RL-3-1/WK4B39 右大腿线盖-1;RL-3-1/WK4B20 右大腿外防护-1;RL-3-1/WK4B19 右大腿内防护-1;RL-3-1/WK4B17 右大腿电机壳-1;RL-3-1/WK4B38 膝缓冲垫B-1;RL-3-1/WK4B12 膝护线盖-1;RL-3-1/KCD-BC01B-1617-U01X-JAQ-1;RL-3-1/105电机定子-1;RL-3-1/MPBZU12-10-1;RL-3-1/WK5008 拉杆上轴-1;RL-3-1/WK4111B 膝行星架-1,RLeg Frame3,RLeg Axis3,Hip_Y_R,revolute,0,-0.043004,0,0,0,0,ISCHIUM_R,0,1,0,31.2,7.85,-2.443,0.436,,,,,,,,
SHANK_R,0.0110809570415845,-0.00748587626913599,-0.0719839927543433,0,0,0,2.27927601326776,0.0094541783365559,-1.19504113013278E-05,-0.000440469953669696,0.00961808318143973,0.00012217434174398,0.00101285414912771,0,0,0,0,0,0,package://RX-JUNE2/meshes/SHANK_R.STL,0.898039215686275,0.917647058823529,0.929411764705882,1,0,0,0,0,0,0,package://RX-JUNE2/meshes/SHANK_R.STL,,RL-4-1/WK4B34 右小腿-1;RL-4-1/WK4B31 线盖B-1;RL-4-1/WK4B30 线盖A-1;RL-4-1/WK5009 拉杆下轴-1;RL-4-1/WK4B36 护膝-1;RL-4-1/WK5040 小腿护盖-1;RL-4-1/WK4B25 踝限位块-1;RL-4-1/WK5037 60电机隔圈-1;RL-4-1/WK4053 隔圈2-1;RL-4-1/WK4B28 踝缓冲垫-1;RL-4-1/M6球轴-2;RL-4-1/M6球轴座-2;RL-4-1/M6球轴-1;RL-4-1/M6球轴座-1;RL-4-1/内六角圆柱头螺钉 M3×8-6;RL-4-1/WK4B41 60拉杆轴-1;RL-4-1/内六角圆柱头螺钉 M3×8-5;RL-4-1/内六角圆柱头螺钉 M3×8-4;RL-4-1/WK4B06 侧拉杆-1;RL-4-1/CRBT 505A-2;RL-4-1/WK4044 踝减速座-1;RL-4-1/内六角圆柱头螺钉 M3×8-3;RL-4-1/内六角圆柱头螺钉 M3×8-2;RL-4-1/内六角圆柱头螺钉 M3×8-1;RL-4-1/WK4B33 踝侧摆座-1;RL-4-1/WK4019 编码器盖-1;RL-4-1/CRBT 505A-1;RL-4-1/ＭＡＲ－Ｍ５０ＡＨＮ００-2;RL-4-1/WK4B27 踝侧拉缓冲垫-1;RL-4-1/WK4047 缓冲垫-1;RL-4-1/WK4045 膝侧盖-1;RL-4-1/ＭＡＲ－Ｍ５０ＡＨＮ００-1;RL-4-1/WK4B26 踝侧摆臂-1;RL-4-1/WK4B05 前拉杆-1;RL-4-1/60电机定子-2;RL-4-1/CRBT 505A-3;RL-4-1/WK4032B 60踝行星架-1;RL-4-1/WK5G09B 齿圈Z108M0.5-2;RL-4-1/60电机定子-1;RL-4-1/WK4B29 踝60电机壳-1;RL-4-1/MPBRU8-8-1;RL-4-1/WK4B41 60拉杆轴-2;RL-4-1/WK4085B 60连杆行星架-1;RL-4-1/WK5G09B 齿圈Z108M0.5-1,RLeg Frame4,RLeg Axis4,Knee_R,revolute,0,0,-0.34,0,0,0,THIGH_R,0,1,0,72,9.37,0,2.443,,,,,,,,
ASTRAGALUS_R,0.00246209233657721,5.9176010104689E-05,1.23145407426861E-07,0,0,0,0.0540428010832721,4.096142332809E-06,-5.93504903780132E-11,7.79724248693916E-11,7.67425544057305E-06,2.10288280946885E-11,8.59958974753404E-06,0,0,0,0,0,0,package://RX-JUNE2/meshes/ASTRAGALUS_R.STL,0.529411764705882,0.549019607843137,0.549019607843137,1,0,0,0,0,0,0,package://RX-JUNE2/meshes/ASTRAGALUS_R.STL,,RL-5-1/WK4029 十字主轴-1;RL-5-1/WK4100 尼龙垫片13-2;RL-5-1/WK4076 支撑轴-1;RL-5-1/WK4030 十字副轴-1;RL-5-1/WK4100 尼龙垫片13-1,RLeg Frame5,RLeg Axis5,Ankle_Y_R,revolute,0,0,-0.36,0,0,0,SHANK_R,0,1,0,13,10.26,-0.698,1.309,,,,,,,,
FOOT_R,0.0172182308455084,-0.000490155366929923,-0.0526971717477904,0,0,0,0.66921361169682,0.000265843548973259,-1.96126340269036E-05,1.25127461410576E-05,0.00143842959931541,3.19128975749509E-06,0.00165305867247303,0,0,0,0,0,0,package://RX-JUNE2/meshes/FOOT_R.STL,1,1,1,1,0,0,0,0,0,0,package://RX-JUNE2/meshes/FOOT_R.STL,,RL-6-1/WK5044 右足上盖1-1;RL-6-1/WK4B24 连杆叉-1;RL-6-1/WK5041 脚踝转接件-1;RL-6-1/WK4B35 右脚板-1;RL-6-1/WK4B21 足底连接件-1;RL-6-1/六维力传感器70-1;RL-6-1/WK5043 右足底缓冲.step-2;RL-6-1/WK5045 右足上盖2.step-1,RLeg Frame6,RLeg Axis6,Ankle_X_R,revolute,0,0,0,0,0,0,ASTRAGALUS_R,-1,0,0,18,10.26,-0.331,0.331,,,,,,,,
TIPTOE_Z_R,1.38777878078145E-17,0,0,0,0,0,6.67588438887831E-08,1.66897109721958E-15,0,0,1.66897109721958E-15,0,1.66897109721958E-15,0,0,0,0,0,0,package://RX-JUNE2/meshes/TIPTOE_Z_R.STL,1,1,1,1,0,0,0,0,0,0,package://RX-JUNE2/meshes/TIPTOE_Z_R.STL,,JIDIAN-2,RLeg Frame7,RLeg Axis6,Tiptoe_Z_R,fixed,0,0,-0.08497,0,0,0,FOOT_R,0,0,0,,,,,,,,,,,,
ILIUM_L,-0.097564,0.035504,0.0082709,0,0,0,2.8128,0.0055047,0.00014286,-0.00070603,0.0058142,0.00017495,0.0052071,0,0,0,0,0,0,package://RX-JUNE2/meshes/ILIUM_L.STL,0.89804,0.91765,0.92941,1,0,0,0,0,0,0,package://RX-JUNE2/meshes/ILIUM_L.STL,,LL-1-1/WK5006 左髋支持架-1;LL-1-1/WK4078A 髋关节轴-1;LL-1-1/WK4B07 髋轴承盖-1;LL-1-1/WK4019 编码器盖-1;LL-1-1/KCD-BC01B-1617-U01X-JAQ-1;LL-1-1/105电机定子-1;LL-1-1/交叉滚子轴承-CRBS608-1;LL-1-1/WK4B01 髋行星架-1;LL-1-1/WK4B03 髋电机壳-1,LLeg Frame1,LLeg Axis1,Hip_Z_L,revolute,0,0.051,-0.1698,0,0,0,SACRUM,0,0,1,72,9.37,-0.209,0.209,,,,,,,,
ISCHIUM_L,-0.00378118871227864,-0.0186369651990369,-0.000334508880895035,0,0,0,2.54211026639439,0.0025574981607963,1.38944992989165E-05,-1.64185578423168E-06,0.00462489971440441,7.30339268492048E-07,0.00261219209688558,0,0,0,0,0,0,package://RX-JUNE2/meshes/ISCHIUM_L.STL,0.898039215686275,0.917647058823529,0.929411764705882,1,0,0,0,0,0,0,package://RX-JUNE2/meshes/ISCHIUM_L.STL,,LL-2-1/WK5004 左侧摆连接架-1;LL-2-1/WK4B10 髋限位缓冲垫-2;LL-2-1/WK4B07 髋轴承盖-1;LL-2-1/105电机定子-1;LL-2-1/交叉滚子轴承-CRBS608-1;LL-2-1/WK4B01 髋行星架-1;LL-2-1/六角圆柱头螺钉 M2.5×8-1;LL-2-1/MPBZU15-15-1;LL-2-1/WK4019 编码器盖-1;LL-2-1/WK4B03 髋电机壳-1;LL-2-1/KCD-BC01B-1617-U01X-JAQ-1;LL-2-1/WK4B02 髋减速机壳-1;LL-2-1/WK4B10 髋限位缓冲垫-1,LLeg Frame2,LLeg Axis2,Hip_X_L,revolute,0,0.0375,0,0,0,0,ILIUM_L,1,0,0,72,8.37,-0.436,0.436,,,,,,,,
THIGH_L,0.00486744936008764,0.0229267112286704,-0.041636516186895,0,0,0,2.95253119232822,0.014541184807524,1.67720871718125E-05,0.000478438234032034,0.0167215579373393,-0.000275006060654587,0.00287511680064502,0,0,0,0,0,0,package://RX-JUNE2/meshes/THIGH_L.STL,0.898039215686275,0.917647058823529,0.929411764705882,1,0,0,0,0,0,0,package://RX-JUNE2/meshes/THIGH_L.STL,,LL-3-1/WK4088 大轴承端盖-1;LL-3-1/WK4B40 膝护盖-1;LL-3-1/六角圆柱头螺钉 M2.5×8-1;LL-3-1/WK4088 大轴承端盖-2;LL-3-1/WK4B22 大腿拉杆-1;LL-3-1/内六角圆柱头螺钉 M2.5×8-1;LL-3-1/WK4B38 膝缓冲垫B-1;LL-3-1/内六角圆柱头螺钉 M3×12-1;LL-3-1/WK4B11 左大腿内防护-1;LL-3-1/WK4B16 左大腿线盖-1;LL-3-1/WK4B32 管卡15.8-1;LL-3-1/WK4B12 膝护线盖-1;LL-3-1/KCD-BC01B-1617-U01X-JAQ-1;LL-3-1/105电机定子-1;LL-3-1/MPBZU12-10-1;LL-3-1/WK5008 拉杆上轴-1;LL-3-1/WK4111B 膝行星架-1;LL-3-1/WK4B15 左大腿外防护-1;LL-3-1/WK4B09 左大腿电机壳-1;LL-3-1/WK4B08 左大腿减速壳-1,LLeg Frame3,LLeg Axis3,Hip_Y_L,revolute,0,0.043004,0,0,0,0,ISCHIUM_L,0,1,0,31.2,7.85,-2.443,0.436,,,,,,,,
SHANK_L,0.0111437713714776,0.0075144171292757,-0.0718395109013203,0,0,0,2.28347565956066,0.00945617047465979,1.16631116211776E-05,-0.000440080767768125,0.00961821844134824,-0.000121734178348759,0.00101112163688345,0,0,0,0,0,0,package://RX-JUNE2/meshes/SHANK_L.STL,0.898039215686275,0.917647058823529,0.929411764705882,1,0,0,0,0,0,0,package://RX-JUNE2/meshes/SHANK_L.STL,,LL-4-1/WK4B29 踝60电机壳-1;LL-4-1/MPBRU8-8-1;LL-4-1/WK4B41 60拉杆轴-2;LL-4-1/WK4085B 60连杆行星架-1;LL-4-1/WK5G09B 齿圈Z108M0.5-2;LL-4-1/WK4B04 左小腿-3;LL-4-1/WK4B32 管卡15.8-1;LL-4-1/WK4B31 线盖B-1;LL-4-1/WK4089 管卡10-1;LL-4-1/WK5009 拉杆下轴-1;LL-4-1/WK4B30 线盖A-1;LL-4-1/WK4B37 膝缓冲垫-1;LL-4-1/内六角圆柱头螺钉 M3×8-32;LL-4-1/WK5040 小腿护盖-1;LL-4-1/WK4B25 踝限位块-1;LL-4-1/WK5037 60电机隔圈-1;LL-4-1/WK4053 隔圈2-1;LL-4-1/WK4B28 踝缓冲垫-1;LL-4-1/M6球轴-2;LL-4-1/M6球轴座-2;LL-4-1/M6球轴-1;LL-4-1/M6球轴座-1;LL-4-1/内六角圆柱头螺钉 M3×8-31;LL-4-1/WK4B41 60拉杆轴-1;LL-4-1/内六角圆柱头螺钉 M3×8-30;LL-4-1/内六角圆柱头螺钉 M3×8-29;LL-4-1/WK4B06 侧拉杆-1;LL-4-1/CRBT 505A-2;LL-4-1/WK4044 踝减速座-1;LL-4-1/内六角圆柱头螺钉 M3×8-28;LL-4-1/内六角圆柱头螺钉 M3×8-27;LL-4-1/内六角圆柱头螺钉 M3×8-26;LL-4-1/WK4B33 踝侧摆座-1;LL-4-1/WK4019 编码器盖-1;LL-4-1/CRBT 505A-1;LL-4-1/WK4B36 护膝-1;LL-4-1/ＭＡＲ－Ｍ５０ＡＨＮ００-2;LL-4-1/WK4B27 踝侧拉缓冲垫-1;LL-4-1/WK4047 缓冲垫-1;LL-4-1/WK4045 膝侧盖-1;LL-4-1/ＭＡＲ－Ｍ５０ＡＨＮ００-1;LL-4-1/WK4B26 踝侧摆臂-1;LL-4-1/WK4B05 前拉杆-1;LL-4-1/60电机定子-2;LL-4-1/CRBT 505A-3;LL-4-1/WK4032B 60踝行星架-1;LL-4-1/WK5G09B 齿圈Z108M0.5-1;LL-4-1/60电机定子-1,LLeg Frame4,LLeg Axis4,Knee_L,revolute,0,0,-0.34,0,0,0,THIGH_L,0,1,0,72,9.37,0,2.443,,,,,,,,
ASTRAGALUS_L,0.00246209233657717,5.93317442537933E-05,-1.23145407759928E-07,0,0,0,0.0540428010832722,4.09614233280902E-06,5.93504902113906E-11,-7.79724250402226E-11,7.67425544057315E-06,2.10288280962253E-11,8.59958974753414E-06,0,0,0,0,0,0,package://RX-JUNE2/meshes/ASTRAGALUS_L.STL,0.529411764705882,0.549019607843137,0.549019607843137,1,0,0,0,0,0,0,package://RX-JUNE2/meshes/ASTRAGALUS_L.STL,,LL-5-1/WK4029 十字主轴-1;LL-5-1/WK4100 尼龙垫片13-2;LL-5-1/WK4030 十字副轴-1;LL-5-1/WK4076 支撑轴-1;LL-5-1/WK4100 尼龙垫片13-1,LLeg Frame5,LLeg Axis5,Ankle_Y_L,revolute,0,0,-0.36,0,0,0,SHANK_L,0,1,0,13,10.26,-0.698,1.309,,,,,,,,
FOOT_L,0.0173378971382406,0.000446493080629981,-0.0526985178808428,0,0,0,0.669297710196622,0.000265846142331934,1.98211949368065E-05,1.25416614346479E-05,0.00143885589573861,-3.15941982128854E-06,0.00165348852732234,0,0,0,0,0,0,package://RX-JUNE2/meshes/FOOT_L.STL,0.792156862745098,0.819607843137255,0.933333333333333,1,0,0,0,0,0,0,package://RX-JUNE2/meshes/FOOT_L.STL,,LL-6-1/WK4B21 足底连接件-1;LL-6-1/WK4B24 连杆叉-1;LL-6-1/WK5042 左足上盖2.step-1;LL-6-1/WK5039 左足上盖1-1;LL-6-1/WK5038 左足底缓冲.step-1;LL-6-1/WK4B23 左脚板-1;LL-6-1/WK5041 脚踝转接件-1;LL-6-1/六维力传感器70-1,LLeg Frame6,LLeg Axis6,Ankle_X_L,revolute,0,0,0,0,0,0,ASTRAGALUS_L,1,0,0,18,10.26,-0.331,0.331,,,,,,,,
TIPTOE_Z_L,1.38777878078145E-17,0,0,0,0,0,6.67588438887831E-08,1.66897109721958E-15,0,0,1.66897109721958E-15,0,1.66897109721958E-15,0,0,0,0,0,0,package://RX-JUNE2/meshes/TIPTOE_Z_L.STL,1,1,1,1,0,0,0,0,0,0,package://RX-JUNE2/meshes/TIPTOE_Z_L.STL,,JIDIAN-1,LLeg Frame7,LLeg Axis6,Tiptoe_Z_L,fixed,0,0,-0.08497,0,0,0,FOOT_L,0,0,0,,,,,,,,,,,,
NECK,2.5298E-06,0.00054416,0.039066,0,0,0,0.31299,5.1138E-05,-4.0141E-09,1.2204E-08,7.8331E-05,3.4878E-06,4.6855E-05,0,0,0,0,0,0,package://RX-JUNE2/meshes/NECK.STL,0.69804,0.69804,0.69804,1,0,0,0,0,0,0,package://RX-JUNE2/meshes/NECK.STL,,NECK-1/D1型号关节V1-1-1;NECK-1/RX-01-01-15 头部限位块-2;NECK-1/RX-01-01-15 头部限位块-1;NECK-1/RX-01-01-16 头部支架1-1,Neck Frame1,Neck Axis1,Neck_Z,revolute,-0.0013872,0,0.089,0,0,0,TORSO,0,0,1,7,3.62,-0.785,0.785,,,,,,,,
HEAD,0.014618,-0.0011212,0.065974,0,0,0,0.67892,0.00084994,-1.5203E-06,-1.8888E-05,0.00073044,-8.2217E-06,0.00088165,0,0,0,0,0,0,package://RX-JUNE2/meshes/HEAD.STL,0.38431,0.41176,0.45098,1,0,0,0,0,0,0,package://RX-JUNE2/meshes/HEAD.STL,,HEAD-1/VD减震M4x8-15x15-1;HEAD-1/RX-01-03-16 头堵壳2-1;HEAD-1/RX-01-03-15 头堵壳1-1;HEAD-1/RX-01-03-14 头相机罩4-1;HEAD-1/RX-01-03-13 头相机罩3-1;HEAD-1/RX-01-03-12 头相机罩2-1;HEAD-1/RX-01-03-11 头相机罩1-1;HEAD-1/RX-01-03-10 头下颚-1;HEAD-1/RX-01-03-09 头面罩-1;HEAD-1/RX-01-03-08 头后壳-1;HEAD-1/RX-01-01-18 扬声器固定板-1;HEAD-1/主板+转接板.stp-1;HEAD-1/扬声器功放-1;HEAD-1/VD减震M4x8-15x15-4;HEAD-1/VD减震M4x8-15x15-3;HEAD-1/UC-788.step-4;HEAD-1/UC-788.step-3;HEAD-1/UC-788.step-2;HEAD-1/UC-788.step-1;HEAD-1/麦克风阵列-1;HEAD-1/RX-01-01-20 扬声器支架-1;HEAD-1/喇叭40-1;HEAD-1/视频采集卡-1;HEAD-1/RX-01-01-19 四目支架-1;HEAD-1/VD减震M4x8-15x15-2;HEAD-1/RX-01-01-17 头部支架2-1,Neck Frame2,Neck Axis2,Neck_Y,revolute,0,0,0.042,0,0,0,NECK,0,1,0,7,3.62,-0.174,0.349,,,,,,,,
